timestamp_utc,role,pid,cpu_seconds,working_set_mb,thread_count,handle_count
2026-08-23T19:40:11.4603104Z,api-operator-5009,124116,6.546875,152.68,30,689
2026-08-23T19:40:11.4603104Z,api-visitor-5010,93796,8.921875,171.96,29,771
2026-08-23T19:40:11.4603104Z,worker,123952,9.46875,164.83,37,768
2026-08-23T19:40:16.5542423Z,api-operator-5009,124116,6.546875,152.65,29,686
2026-08-23T19:40:16.5542423Z,api-visitor-5010,93796,8.921875,171.96,29,771
2026-08-23T19:40:16.5542423Z,worker,123952,9.46875,164.66,35,762
2026-08-23T19:40:21.5786063Z,api-operator-5009,124116,7.046875,160.86,32,700
2026-08-23T19:40:21.5786063Z,api-visitor-5010,93796,9.453125,184.44,48,883
2026-08-23T19:40:21.5786063Z,worker,123952,9.53125,165.95,38,775
2026-08-23T19:40:26.6056845Z,api-operator-5009,124116,7.0625,155,31,697
2026-08-23T19:40:26.6056845Z,api-visitor-5010,93796,9.46875,185.11,48,886
2026-08-23T19:40:26.6056845Z,worker,123952,9.546875,165.93,37,772
2026-08-23T19:40:31.6284692Z,api-operator-5009,124116,7.21875,159.5,32,700
2026-08-23T19:40:31.6284692Z,api-visitor-5010,93796,9.84375,183.5,47,883
2026-08-23T19:40:31.6284692Z,worker,123952,9.671875,170.5,37,772
2026-08-23T19:40:36.6552697Z,api-operator-5009,124116,7.25,155.91,32,700
2026-08-23T19:40:36.6552697Z,api-visitor-5010,93796,9.921875,185.64,48,824
2026-08-23T19:40:36.6552697Z,worker,123952,9.75,170.35,39,780
2026-08-23T19:40:41.6846833Z,api-operator-5009,124116,7.28125,154.65,32,700
2026-08-23T19:40:41.6846833Z,api-visitor-5010,93796,9.96875,185.76,47,822
2026-08-23T19:40:41.6846833Z,worker,123952,9.78125,172.22,39,781
2026-08-23T19:40:46.7090704Z,api-operator-5009,124116,7.28125,154.82,32,700
2026-08-23T19:40:46.7090704Z,api-visitor-5010,93796,10.0625,189.67,48,830
2026-08-23T19:40:46.7090704Z,worker,123952,9.84375,181.39,39,781
2026-08-23T19:40:51.7342727Z,api-operator-5009,124116,7.28125,155.92,32,700
2026-08-23T19:40:51.7342727Z,api-visitor-5010,93796,10.0625,182.64,47,827
2026-08-23T19:40:51.7342727Z,worker,123952,9.859375,181.35,39,685
2026-08-23T19:40:56.7682056Z,api-operator-5009,124116,7.296875,155.93,32,700
2026-08-23T19:40:56.7682056Z,api-visitor-5010,93796,10.078125,182.98,48,833
2026-08-23T19:40:56.7682056Z,worker,123952,9.890625,181.6,38,683
2026-08-23T19:41:01.7957994Z,api-operator-5009,124116,7.3125,154.75,32,700
2026-08-23T19:41:01.7957994Z,api-visitor-5010,93796,10.109375,184.18,48,833
2026-08-23T19:41:01.7957994Z,worker,123952,9.90625,181.6,39,688
2026-08-23T19:41:06.8169747Z,api-operator-5009,124116,7.5625,161.91,35,713
2026-08-23T19:41:06.8169747Z,api-visitor-5010,93796,10.25,186.3,49,842
2026-08-23T19:41:06.8169747Z,worker,123952,9.9375,181.77,33,676
2026-08-23T19:41:11.8375942Z,api-operator-5009,124116,7.5625,161.89,35,713
2026-08-23T19:41:11.8375942Z,api-visitor-5010,93796,10.25,186.27,48,839
2026-08-23T19:41:11.8375942Z,worker,123952,9.984375,181.72,32,673
2026-08-23T19:41:16.8682125Z,api-operator-5009,124116,7.828125,161.84,37,720
2026-08-23T19:41:16.8682125Z,api-visitor-5010,93796,10.328125,184.98,49,848
2026-08-23T19:41:16.8682125Z,worker,123952,10.0625,182.02,37,687
2026-08-23T19:41:21.8943271Z,api-operator-5009,124116,8.984375,173.43,37,720
2026-08-23T19:41:21.8943271Z,api-visitor-5010,93796,11.671875,191.68,63,966
2026-08-23T19:41:21.8943271Z,worker,123952,10.078125,181.95,36,685
2026-08-23T19:41:26.9244428Z,api-operator-5009,124116,9.015625,163.64,37,720
2026-08-23T19:41:26.9244428Z,api-visitor-5010,93796,11.765625,191.99,63,969
2026-08-23T19:41:26.9244428Z,worker,123952,10.171875,181.93,35,682
2026-08-23T19:41:31.9481176Z,api-operator-5009,124116,9.03125,164.73,37,720
2026-08-23T19:41:31.9481176Z,api-visitor-5010,93796,11.765625,188.7,63,969
2026-08-23T19:41:31.9481176Z,worker,123952,10.171875,181.93,35,682
2026-08-23T19:41:36.9831697Z,api-operator-5009,124116,9.03125,164.74,37,720
2026-08-23T19:41:36.9831697Z,api-visitor-5010,93796,11.828125,190.23,62,969
2026-08-23T19:41:36.9831697Z,worker,123952,10.25,181.93,36,684
2026-08-23T19:41:41.9987725Z,api-operator-5009,124116,9.03125,164.48,37,720
2026-08-23T19:41:41.9987725Z,api-visitor-5010,93796,11.875,191.45,51,938
2026-08-23T19:41:41.9987725Z,worker,123952,10.25,181.93,36,684
2026-08-23T19:41:47.0299014Z,api-operator-5009,124116,9.03125,162.89,37,720
2026-08-23T19:41:47.0299014Z,api-visitor-5010,93796,11.875,193.07,50,938
2026-08-23T19:41:47.0299014Z,worker,123952,10.328125,181.93,36,684
2026-08-23T19:41:52.0476209Z,api-operator-5009,124116,9.03125,162.93,38,723
2026-08-23T19:41:52.0476209Z,api-visitor-5010,93796,11.921875,194.17,51,941
2026-08-23T19:41:52.0476209Z,worker,123952,10.328125,181.96,37,687
2026-08-23T19:41:57.0726893Z,api-operator-5009,124116,9.15625,166.66,38,723
2026-08-23T19:41:57.0726893Z,api-visitor-5010,93796,12,196.82,50,943
2026-08-23T19:41:57.0726893Z,worker,123952,10.390625,181.94,36,684
2026-08-23T19:42:02.0943260Z,api-operator-5009,124116,9.203125,169.45,38,725
2026-08-23T19:42:02.0943260Z,api-visitor-5010,93796,12.0625,208.61,50,812
2026-08-23T19:42:02.0943260Z,worker,123952,10.4375,182.56,37,689
2026-08-23T19:42:07.1254971Z,api-operator-5009,124116,9.21875,169.44,37,722
2026-08-23T19:42:07.1254971Z,api-visitor-5010,93796,12.140625,208.84,48,810
2026-08-23T19:42:07.1254971Z,worker,123952,10.484375,181.12,36,686
2026-08-23T19:42:12.1512975Z,api-operator-5009,124116,9.234375,168.11,37,722
2026-08-23T19:42:12.1512975Z,api-visitor-5010,93796,12.140625,208.84,48,810
2026-08-23T19:42:12.1512975Z,worker,123952,10.484375,181.34,37,689
2026-08-23T19:42:17.1777453Z,api-operator-5009,124116,9.234375,168.14,37,723
2026-08-23T19:42:17.1777453Z,api-visitor-5010,93796,12.140625,208.82,48,810
2026-08-23T19:42:17.1777453Z,worker,123952,10.515625,181.38,37,691
2026-08-23T19:42:22.2020262Z,api-operator-5009,124116,9.234375,168.18,37,722
2026-08-23T19:42:22.2020262Z,api-visitor-5010,93796,12.15625,206.49,48,810
2026-08-23T19:42:22.2020262Z,worker,123952,10.59375,181.42,38,694
2026-08-23T19:42:27.2209182Z,api-operator-5009,124116,9.25,168.18,36,719
2026-08-23T19:42:27.2209182Z,api-visitor-5010,93796,12.15625,206.51,49,816
2026-08-23T19:42:27.2209182Z,worker,123952,10.640625,181.39,37,691
2026-08-23T19:42:32.2471104Z,api-operator-5009,124116,9.25,168.25,37,722
2026-08-23T19:42:32.2471104Z,api-visitor-5010,93796,12.28125,207.35,49,819
2026-08-23T19:42:32.2471104Z,worker,123952,10.703125,181.38,37,691
2026-08-23T19:42:37.2760355Z,api-operator-5009,124116,9.25,168.23,36,719
2026-08-23T19:42:37.2760355Z,api-visitor-5010,93796,12.296875,207.54,51,820
2026-08-23T19:42:37.2760355Z,worker,123952,10.734375,181.38,37,691
2026-08-23T19:42:42.3115314Z,api-operator-5009,124116,9.296875,177.28,37,722
2026-08-23T19:42:42.3115314Z,api-visitor-5010,93796,12.359375,207.61,52,827
2026-08-23T19:42:42.3115314Z,worker,123952,10.796875,181.43,37,692
2026-08-23T19:42:47.3303251Z,api-operator-5009,124116,9.390625,174.36,38,727
2026-08-23T19:42:47.3303251Z,api-visitor-5010,93796,12.359375,207.63,52,831
2026-08-23T19:42:47.3303251Z,worker,123952,10.828125,182.69,36,689
2026-08-23T19:42:52.3500867Z,api-operator-5009,124116,9.390625,174.3,33,717
2026-08-23T19:42:52.3500867Z,api-visitor-5010,93796,12.40625,208.25,50,828
2026-08-23T19:42:52.3500867Z,worker,123952,10.84375,184.12,37,692
2026-08-23T19:42:57.3759562Z,api-operator-5009,124116,9.40625,172.97,32,714
2026-08-23T19:42:57.3759562Z,api-visitor-5010,93796,12.40625,206.51,34,772
2026-08-23T19:42:57.3759562Z,worker,123952,10.84375,184.73,36,689
2026-08-23T19:43:02.4036441Z,api-operator-5009,124116,9.40625,173.17,33,717
2026-08-23T19:43:02.4036441Z,api-visitor-5010,93796,12.4375,206.62,36,782
2026-08-23T19:43:02.4036441Z,worker,123952,10.84375,186.75,36,689
2026-08-23T19:43:07.4214921Z,api-operator-5009,124116,9.40625,173.18,32,713
2026-08-23T19:43:07.4214921Z,api-visitor-5010,93796,12.4375,206.62,36,785
2026-08-23T19:43:07.4214921Z,worker,123952,10.859375,188.84,36,689
2026-08-23T19:43:12.4521324Z,api-operator-5009,124116,9.4375,173.17,31,710
2026-08-23T19:43:12.4521324Z,api-visitor-5010,93796,12.4375,207.94,36,785
2026-08-23T19:43:12.4521324Z,worker,123952,10.921875,190.91,38,697
2026-08-23T19:43:17.4810255Z,api-operator-5009,124116,9.453125,173.21,32,713
2026-08-23T19:43:17.4810255Z,api-visitor-5010,93796,12.4375,206.62,36,788
2026-08-23T19:43:17.4810255Z,worker,123952,10.921875,190.86,37,691
2026-08-23T19:43:22.5130077Z,api-operator-5009,124116,9.453125,173.23,31,710
2026-08-23T19:43:22.5130077Z,api-visitor-5010,93796,12.4375,206.5,33,779
2026-08-23T19:43:22.5130077Z,worker,123952,10.921875,190.81,34,686
2026-08-23T19:43:27.5325151Z,api-operator-5009,124116,9.515625,177.03,32,713
2026-08-23T19:43:27.5325151Z,api-visitor-5010,93796,12.546875,207.79,35,791
2026-08-23T19:43:27.5325151Z,worker,123952,11,190.85,34,686
2026-08-23T19:43:32.5516565Z,api-operator-5009,124116,9.5625,179.11,33,721
2026-08-23T19:43:32.5516565Z,api-visitor-5010,93796,12.703125,207.77,34,792
2026-08-23T19:43:32.5516565Z,worker,123952,11,190.96,34,686
2026-08-23T19:43:37.5720092Z,api-operator-5009,124116,9.5625,179.08,32,715
2026-08-23T19:43:37.5720092Z,api-visitor-5010,93796,12.703125,207.77,34,795
2026-08-23T19:43:37.5720092Z,worker,123952,11,190.94,33,683
2026-08-23T19:43:42.5901785Z,api-operator-5009,124116,9.5625,177.86,33,718
2026-08-23T19:43:42.5901785Z,api-visitor-5010,93796,12.75,207.77,34,795
2026-08-23T19:43:42.5901785Z,worker,123952,11.09375,190.9,32,681
2026-08-23T19:43:47.6168548Z,api-operator-5009,124116,9.5625,177.84,32,715
2026-08-23T19:43:47.6168548Z,api-visitor-5010,93796,12.828125,207.81,35,801
2026-08-23T19:43:47.6168548Z,worker,123952,11.09375,190.9,32,681
2026-08-23T19:43:52.6444753Z,api-operator-5009,124116,9.5625,177.68,31,711
2026-08-23T19:43:52.6444753Z,api-visitor-5010,93796,12.84375,207.78,34,801
2026-08-23T19:43:52.6444753Z,worker,123952,11.203125,191.27,40,709
2026-08-23T19:43:57.6729112Z,api-operator-5009,124116,9.5625,177.66,31,711
2026-08-23T19:43:57.6729112Z,api-visitor-5010,93796,12.84375,207.74,35,807
2026-08-23T19:43:57.6729112Z,worker,123952,11.234375,191.27,40,709
2026-08-23T19:44:02.7032678Z,api-operator-5009,124116,9.578125,177.69,32,714
2026-08-23T19:44:02.7032678Z,api-visitor-5010,93796,13.046875,207.72,34,804
2026-08-23T19:44:02.7032678Z,worker,123952,11.296875,191.22,39,706
2026-08-23T19:44:07.7224742Z,api-operator-5009,124116,9.625,177.66,31,711
2026-08-23T19:44:07.7224742Z,api-visitor-5010,93796,13.109375,207.75,35,810
2026-08-23T19:44:07.7224742Z,worker,123952,11.3125,191.23,39,706
2026-08-23T19:44:12.7449356Z,api-operator-5009,124116,9.65625,178.52,33,721
2026-08-23T19:44:12.7449356Z,api-visitor-5010,93796,13.171875,207.73,34,807
2026-08-23T19:44:12.7449356Z,worker,123952,11.359375,191.12,39,705
2026-08-23T19:44:17.7740166Z,api-operator-5009,124116,9.65625,178.48,32,718
2026-08-23T19:44:17.7740166Z,api-visitor-5010,93796,13.171875,207.73,34,810
2026-08-23T19:44:17.7740166Z,worker,123952,11.421875,191.13,39,705
2026-08-23T19:44:22.7963766Z,api-operator-5009,124116,9.671875,178.48,32,718
2026-08-23T19:44:22.7963766Z,api-visitor-5010,93796,13.1875,207.72,33,810
2026-08-23T19:44:22.7963766Z,worker,123952,11.421875,191.11,38,702
2026-08-23T19:44:27.8212462Z,api-operator-5009,124116,9.71875,182.73,35,730
2026-08-23T19:44:27.8212462Z,api-visitor-5010,93796,13.203125,209.96,37,823
2026-08-23T19:44:27.8212462Z,worker,123952,11.421875,191.11,38,702
2026-08-23T19:44:32.8412096Z,api-operator-5009,124116,9.734375,178.36,34,727
2026-08-23T19:44:32.8412096Z,api-visitor-5010,93796,13.203125,206.68,35,820
2026-08-23T19:44:32.8412096Z,worker,123952,11.421875,191.11,38,702
2026-08-23T19:44:37.8729349Z,api-operator-5009,124116,9.734375,178.36,34,727
2026-08-23T19:44:37.8729349Z,api-visitor-5010,93796,13.203125,206.68,35,820
2026-08-23T19:44:37.8729349Z,worker,123952,11.421875,191.07,37,698
2026-08-23T19:44:42.8962352Z,api-operator-5009,124116,9.734375,178.38,35,730
2026-08-23T19:44:42.8962352Z,api-visitor-5010,93796,13.203125,206.68,35,820
2026-08-23T19:44:42.8962352Z,worker,123952,11.421875,191.07,37,698
2026-08-23T19:44:47.9239537Z,api-operator-5009,124116,9.734375,178,30,715
2026-08-23T19:44:47.9239537Z,api-visitor-5010,93796,13.25,206.43,30,805
2026-08-23T19:44:47.9239537Z,worker,123952,11.421875,191.07,37,698
2026-08-23T19:44:52.9544018Z,api-operator-5009,124116,9.734375,178,30,715
2026-08-23T19:44:52.9544018Z,api-visitor-5010,93796,13.265625,206.41,29,802
2026-08-23T19:44:52.9544018Z,worker,123952,11.421875,191.07,37,698
2026-08-23T19:44:57.9708958Z,api-operator-5009,124116,9.734375,178.01,31,718
2026-08-23T19:44:57.9708958Z,api-visitor-5010,93796,13.265625,206.41,29,802
2026-08-23T19:44:57.9708958Z,worker,123952,11.453125,191.09,38,703
2026-08-23T19:45:02.9922226Z,api-operator-5009,124116,9.734375,178.01,31,720
2026-08-23T19:45:02.9922226Z,api-visitor-5010,93796,13.265625,206.41,29,802
2026-08-23T19:45:02.9922226Z,worker,123952,11.453125,191.09,38,703
2026-08-23T19:45:08.0114785Z,api-operator-5009,124116,9.734375,178.01,31,720
2026-08-23T19:45:08.0114785Z,api-visitor-5010,93796,13.28125,206.41,29,802
2026-08-23T19:45:08.0114785Z,worker,123952,11.453125,191.09,38,703
